{
  "distilleries": [
    {
      "name": "Ardbeg",
      "country": "Scotland",
      "region": "Islay"
    },
    {
      "name": "Lagavulin",
      "country": "Scotland",
      "region": "Islay"
    },
    {
      "name": "Laphroaig",
      "country": "Scotland",
      "region": "Islay"
    },
    {
      "name": "Bowmore",
      "country": "Scotland",
      "region": "Islay"
    },
    {
      "name": "Bruichladdich",
      "country": "Scotland",
      "region": "Islay"
    },
    {
      "name": "Bunnahabhain",
      "country": "Scotland",
      "region": "Islay"
    },
    {
      "name": "Caol Ila",
      "country": "Scotland",
      "region": "Islay"
    },
    {
      "name": "Kilchoman",
      "country": "Scotland",
      "region": "Islay"
    },
    {
      "name": "Glenfiddich",
      "country": "Scotland",
      "region": "Speyside"
    },
    {
      "name": "Glenfarclas",
      "country": "Scotland",
      "region": "Speyside"
    },
    {
      "name": "The Glenlivet",
      "country": "Scotland",
      "region": "Speyside"
    },
    {
      "name": "Macallan",
      "country": "Scotland",
      "region": "Speyside"
    },
    {
      "name": "Aberlour",
      "country": "Scotland",
      "region": "Speyside"
    },
    {
      "name": "Balvenie",
      "country": "Scotland",
      "region": "Speyside"
    },
    {
      "name": "Benriach",
      "country": "Scotland",
      "region": "Speyside"
    },
    {
      "name": "Benromach",
      "country": "Scotland",
      "region": "Speyside"
    },
    {
      "name": "Cardhu",
      "country": "Scotland",
      "region": "Speyside"
    },
    {
      "name": "Craigellachie",
      "country": "Scotland",
      "region": "Speyside"
    },
    {
      "name": "Glenrothes",
      "country": "Scotland",
      "region": "Speyside"
    },
    {
      "name": "Glen Grant",
      "country": "Scotland",
      "region": "Speyside"
    },
    {
      "name": "Glen Moray",
      "country": "Scotland",
      "region": "Speyside"
    },
    {
      "name": "Glendronach",
      "country": "Scotland",
      "region": "Speyside"
    },
    {
      "name": "Strathisla",
      "country": "Scotland",
      "region": "Speyside"
    },
    {
      "name": "Mortlach",
      "country": "Scotland",
      "region": "Speyside"
    },
    {
      "name": "Tamdhu",
      "country": "Scotland",
      "region": "Speyside"
    },
    {
      "name": "Highland Park",
      "country": "Scotland",
      "region": "Islands (Orkney)"
    },
    {
      "name": "Scapa",
      "country": "Scotland",
      "region": "Islands (Orkney)"
    },
    {
      "name": "Talisker",
      "country": "Scotland",
      "region": "Islands (Skye)"
    },
    {
      "name": "Tobermory",
      "country": "Scotland",
      "region": "Islands (Mull)"
    },
    {
      "name": "Jura",
      "country": "Scotland",
      "region": "Islands (Jura)"
    },
    {
      "name": "Arran",
      "country": "Scotland",
      "region": "Islands (Arran)"
    },
    {
      "name": "Ledaig",
      "country": "Scotland",
      "region": "Islands (Mull)"
    },
    {
      "name": "Oban",
      "country": "Scotland",
      "region": "Highlands"
    },
    {
      "name": "Glenmorangie",
      "country": "Scotland",
      "region": "Highlands"
    },
    {
      "name": "Dalmore",
      "country": "Scotland",
      "region": "Highlands"
    },
    {
      "name": "Clynelish",
      "country": "Scotland",
      "region": "Highlands"
    },
    {
      "name": "Dalwhinnie",
      "country": "Scotland",
      "region": "Highlands"
    },
    {
      "name": "Balblair",
      "country": "Scotland",
      "region": "Highlands"
    },
    {
      "name": "Glengoyne",
      "country": "Scotland",
      "region": "Highlands"
    },
    {
      "name": "Old Pulteney",
      "country": "Scotland",
      "region": "Highlands"
    },
    {
      "name": "Tomatin",
      "country": "Scotland",
      "region": "Highlands"
    },
    {
      "name": "Aberfeldy",
      "country": "Scotland",
      "region": "Highlands"
    },
    {
      "name": "Ben Nevis",
      "country": "Scotland",
      "region": "Highlands"
    },
    {
      "name": "Edradour",
      "country": "Scotland",
      "region": "Highlands"
    },
    {
      "name": "Glenturret",
      "country": "Scotland",
      "region": "Highlands"
    },
    {
      "name": "Royal Lochnagar",
      "country": "Scotland",
      "region": "Highlands"
    },
    {
      "name": "Wolfburn",
      "country": "Scotland",
      "region": "Highlands"
    },
    {
      "name": "Auchentoshan",
      "country": "Scotland",
      "region": "Lowlands"
    },
    {
      "name": "Glenkinchie",
      "country": "Scotland",
      "region": "Lowlands"
    },
    {
      "name": "Bladnoch",
      "country": "Scotland",
      "region": "Lowlands"
    },
    {
      "name": "Ailsa Bay",
      "country": "Scotland",
      "region": "Lowlands"
    },
    {
      "name": "Springbank",
      "country": "Scotland",
      "region": "Campbeltown"
    },
    {
      "name": "Glen Scotia",
      "country": "Scotland",
      "region": "Campbeltown"
    },
    {
      "name": "Glengyle",
      "country": "Scotland",
      "region": "Campbeltown"
    },
    {
      "name": "Jameson",
      "country": "Ireland",
      "region": "Midleton"
    },
    {
      "name": "Bushmills",
      "country": "Ireland",
      "region": "County Antrim"
    },
    {
      "name": "Redbreast",
      "country": "Ireland",
      "region": "Midleton"
    },
    {
      "name": "Tullamore D.E.W.",
      "country": "Ireland",
      "region": "Tullamore"
    },
    {
      "name": "Powers",
      "country": "Ireland",
      "region": "Midleton"
    },
    {
      "name": "Green Spot",
      "country": "Ireland",
      "region": "Midleton"
    },
    {
      "name": "Yellow Spot",
      "country": "Ireland",
      "region": "Midleton"
    },
    {
      "name": "Teeling",
      "country": "Ireland",
      "region": "Dublin"
    },
    {
      "name": "Connemara",
      "country": "Ireland",
      "region": "Cooley"
    },
    {
      "name": "Kilbeggan",
      "country": "Ireland",
      "region": "Kilbeggan"
    },
    {
      "name": "Jack Daniel's",
      "country": "USA",
      "region": "Tennessee"
    },
    {
      "name": "Jim Beam",
      "country": "USA",
      "region": "Kentucky"
    },
    {
      "name": "Maker's Mark",
      "country": "USA",
      "region": "Kentucky"
    },
    {
      "name": "Wild Turkey",
      "country": "USA",
      "region": "Kentucky"
    },
    {
      "name": "Buffalo Trace",
      "country": "USA",
      "region": "Kentucky"
    },
    {
      "name": "Woodford Reserve",
      "country": "USA",
      "region": "Kentucky"
    },
    {
      "name": "Four Roses",
      "country": "USA",
      "region": "Kentucky"
    },
    {
      "name": "Knob Creek",
      "country": "USA",
      "region": "Kentucky"
    },
    {
      "name": "Bulleit",
      "country": "USA",
      "region": "Kentucky"
    },
    {
      "name": "Evan Williams",
      "country": "USA",
      "region": "Kentucky"
    },
    {
      "name": "Heaven Hill",
      "country": "USA",
      "region": "Kentucky"
    },
    {
      "name": "Elijah Craig",
      "country": "USA",
      "region": "Kentucky"
    },
    {
      "name": "Blanton's",
      "country": "USA",
      "region": "Kentucky"
    },
    {
      "name": "Eagle Rare",
      "country": "USA",
      "region": "Kentucky"
    },
    {
      "name": "Pappy Van Winkle",
      "country": "USA",
      "region": "Kentucky"
    },
    {
      "name": "George Dickel",
      "country": "USA",
      "region": "Tennessee"
    },
    {
      "name": "Sazerac",
      "country": "USA",
      "region": "Kentucky"
    },
    {
      "name": "Yamazaki",
      "country": "Japan",
      "region": "Osaka"
    },
    {
      "name": "Hakushu",
      "country": "Japan",
      "region": "Yamanashi"
    },
    {
      "name": "Hibiki",
      "country": "Japan",
      "region": "Blended"
    },
    {
      "name": "Nikka",
      "country": "Japan",
      "region": "Various"
    },
    {
      "name": "Yoichi",
      "country": "Japan",
      "region": "Hokkaido"
    },
    {
      "name": "Miyagikyo",
      "country": "Japan",
      "region": "Miyagi"
    },
    {
      "name": "Chichibu",
      "country": "Japan",
      "region": "Saitama"
    },
    {
      "name": "Mars Shinshu",
      "country": "Japan",
      "region": "Nagano"
    },
    {
      "name": "Kavalan",
      "country": "Taiwan",
      "region": "Yilan County"
    },
    {
      "name": "Amrut",
      "country": "India",
      "region": "Bangalore"
    },
    {
      "name": "Paul John",
      "country": "India",
      "region": "Goa"
    },
    {
      "name": "Penderyn",
      "country": "Wales",
      "region": "Brecon Beacons"
    },
    {
      "name": "Starward",
      "country": "Australia",
      "region": "Melbourne"
    },
    {
      "name": "Sullivan's Cove",
      "country": "Australia",
      "region": "Tasmania"
    },
    {
      "name": "Lark",
      "country": "Australia",
      "region": "Tasmania"
    },
    {
      "name": "Canadian Club",
      "country": "Canada",
      "region": "Ontario"
    },
    {
      "name": "Crown Royal",
      "country": "Canada",
      "region": "Manitoba"
    },
    {
      "name": "Mackmyra",
      "country": "Sweden",
      "region": "Gävle"
    },
    {
      "name": "Stauning",
      "country": "Denmark",
      "region": "Jutland"
    },
    {
      "name": "Puni",
      "country": "Italy",
      "region": "South Tyrol"
    },
    {
      "name": "Slyrs",
      "country": "Germany",
      "region": "Bavaria"
    },
    {
      "name": "St. Kilian",
      "country": "Germany",
      "region": "Franconia"
    },
    {
      "name": "Langatun",
      "country": "Switzerland",
      "region": "Aarwangen"
    }
  ]
}
